{
    "ego_start_pos": [[0.6, 10.2,0.5],[535.270568847656, 10.2076435089111, 547.329040527344],[538.055419921875, 10.2076454162598, 550.239501953125],[540.766967773438, 10.2076435089111, 553.073425292969]],
    "ego_edn_pos":[[375.444763183594, 10.2042484283447, 695.076110839844],[383.907165527344, 10.2033433914185, 692.356201171875],[386.666931152344, 10.2033443450928, 695.240539550781],[389.378540039063, 10.2033452987671, 698.074523925781]],

    "yelloe_lane":[[531.4375715001939, 10.2076454162598, 543.3229623240404],[386.92313668573996, 10.2076444625854, 681.5821175974784]],

    "bound_lane":[[541.1157104361462, 10.2076454162598, 553.4389707629655],[396.60127562169225, 10.2076444625854, 691.6981260364034]],

    "cross_lane":[[[533.857106234182, 10.2076454162598, 545.8519644337716],[389.342671419728, 10.2076444625854, 684.1111197072096]],
    [[536.27664096817, 10.2076454162598, 548.380966543503],[391.7622061537161, 10.2076444625854, 686.6401218169409]],
    [[538.6961757021581, 10.2076454162598, 550.9099686532342],[394.18174088770417, 10.2076444625854, 689.1691239266721]]]
}


